index,id,atlas_id,name,acronym,st_level,ontology_id,hemisphere_id,weight,parent_structure_id,depth,graph_id,graph_order,structure_id_path,color_hex_triplet,neuro_name_structure_id,neuro_name_structure_id_path,failed,sphinx_id,structure_name_facet,failed_facet,safe_name,R,G,B
373,895,111,Ectorhinal area,ECT,,1,3,8690,315,6,1,373,/997/8/567/688/695/315/895/,0D9F91,0,,f,374,2147483647,734881840,Ectorhinal area,0.050980392,0.623529412,0.568627451
374,836,1094,Ectorhinal area/Layer 1,ECT1,,1,3,8690,895,7,1,374,/997/8/567/688/695/315/895/836/,0D9F91,0,,f,375,2147483647,734881840,Ectorhinal area/Layer 1,0.050980392,0.623529412,0.568627451
375,427,1043,Ectorhinal area/Layer 2/3,ECT2/3,,1,3,8690,895,7,1,375,/997/8/567/688/695/315/895/427/,0D9F91,0,,f,376,993691642,734881840,Ectorhinal area/Layer 2/3,0.050980392,0.623529412,0.568627451
376,988,1113,Ectorhinal area/Layer 5,ECT5,,1,3,8690,895,7,1,376,/997/8/567/688/695/315/895/988/,0D9F91,0,,f,377,2147483647,734881840,Ectorhinal area/Layer 5,0.050980392,0.623529412,0.568627451
377,977,1112,Ectorhinal area/Layer 6a,ECT6a,,1,3,8690,895,7,1,377,/997/8/567/688/695/315/895/977/,0D9F91,0,,f,378,2147483647,734881840,Ectorhinal area/Layer 6a,0.050980392,0.623529412,0.568627451
378,1045,1120,Ectorhinal area/Layer 6b,ECT6b,,1,3,8690,895,7,1,378,/997/8/567/688/695/315/895/1045/,0D9F91,0,,f,379,936163868,734881840,Ectorhinal area/Layer 6b,0.050980392,0.623529412,0.568627451