index,id,atlas_id,name,acronym,st_level,ontology_id,hemisphere_id,weight,parent_structure_id,depth,graph_id,graph_order,structure_id_path,color_hex_triplet,neuro_name_structure_id,neuro_name_structure_id_path,failed,sphinx_id,structure_name_facet,failed_facet,safe_name,R,G,B
238,972,262,Prelimbic area,PL,,1,3,8690,315,6,1,238,/997/8/567/688/695/315/972/,2FA850,0,,f,239,1936208719,734881840,Prelimbic area,0.184313725,0.658823529,0.31372549
239,171,1011,Prelimbic area layer 1,PL1,,1,3,8690,972,7,1,239,/997/8/567/688/695/315/972/171/,2FA850,0,,f,240,1260135134,734881840,Prelimbic area layer 1,0.184313725,0.658823529,0.31372549
240,195,1014,Prelimbic area layer 2,PL2,,1,3,8690,972,7,1,240,/997/8/567/688/695/315/972/195/,2FA850,0,,f,241,2147483647,734881840,Prelimbic area layer 2,0.184313725,0.658823529,0.31372549
241,304,886,Prelimbic area layer 2/3,PL2/3,,1,3,8690,972,7,1,241,/997/8/567/688/695/315/972/304/,2FA850,0,,f,242,612898740,734881840,Prelimbic area layer 2/3,0.184313725,0.658823529,0.31372549
242,363,1035,Prelimbic area layer 5,PL5,,1,3,8690,972,7,1,242,/997/8/567/688/695/315/972/363/,2FA850,0,,f,243,1282533063,734881840,Prelimbic area layer 5,0.184313725,0.658823529,0.31372549
243,84,1000,Prelimbic area layer 6a,PL6a,,1,3,8690,972,7,1,243,/997/8/567/688/695/315/972/84/,2FA850,0,,f,244,2147483647,734881840,Prelimbic area layer 6a,0.184313725,0.658823529,0.31372549
244,132,1006,Prelimbic area layer 6b,PL6b,,1,3,8690,972,7,1,244,/997/8/567/688/695/315/972/132/,2FA850,0,,f,245,1608489679,734881840,Prelimbic area layer 6b,0.184313725,0.658823529,0.31372549